Month,Week,Asset Type,SEO Title,URL Slug,Meta Description,H1,H2 Structure,Target Keyword,Secondary Keywords,Search Intent,CTA,Funnel Stage,Priority
2026-07,1,Pillar,ITSM Consulting in Southeast Asia: Complete Buyer Guide | M3DS AI,/resources/itsm-consulting-southeast-asia/,"Practical ITSM consulting Southeast Asia guidance for SEA businesses. Learn options, costs, risks, and next steps. Book a focused M3DS AI diagnostic.",ITSM Consulting in Southeast Asia,"Direct answer: ITSM consulting Southeast Asia | Who this is for | Symptoms and business impact | Recommended architecture or process | Implementation steps | Costs, timeline, and risks | How M3DS AI can help | FAQs",ITSM consulting Southeast Asia,"IT service management consulting, ITIL consulting, service desk transformation",Local/Informational,Book an ITSM diagnostic,Decision,100
2026-07,2,Service,ITSM Consulting Services for SMB and Mid-Market Teams | M3DS AI,/services/it-service-management-consulting/,"Practical ITSM consulting services guidance for SEA businesses. Learn options, costs, risks, and next steps. Book a focused M3DS AI diagnostic.",ITSM Consulting Services for SMB and Mid-Market Teams,"Direct answer: ITSM consulting services | Who this is for | Symptoms and business impact | Recommended architecture or process | Implementation steps | Costs, timeline, and risks | How M3DS AI can help | FAQs",ITSM consulting services,"ITIL consultant, service desk consulting, ITSM implementation",Transactional,Request an ITSM roadmap,Decision,100
2026-07,3,Service,AI Automation Consulting for SEA Businesses | M3DS AI,/services/ai-automation-consulting/,"Practical AI automation consulting guidance for SEA businesses. Learn options, costs, risks, and next steps. Book a focused M3DS AI diagnostic.",AI Automation Consulting for SEA Businesses,"Direct answer: AI automation consulting | Who this is for | Symptoms and business impact | Recommended architecture or process | Implementation steps | Costs, timeline, and risks | How M3DS AI can help | FAQs",AI automation consulting,"workflow automation, AI agents, RAG chatbot",Informational,Get an AI automation map,Awareness,100
2026-07,4,Service,Cybersecurity Consulting and Penetration Testing | M3DS AI,/services/cybersecurity-consulting/,"Practical cybersecurity consulting Southeast Asia guidance for SEA businesses. Learn options, costs, risks, and next steps. Book a focused M3DS AI diagnostic.",Cybersecurity Consulting and Penetration Testing,"Direct answer: cybersecurity consulting Southeast Asia | Who this is for | Symptoms and business impact | Recommended architecture or process | Implementation steps | Costs, timeline, and risks | How M3DS AI can help | FAQs",cybersecurity consulting Southeast Asia,"penetration testing, zero trust, PDPA readiness",Local/Informational,Book a security review,Decision,99
2026-07,1,Service,Cloud Infrastructure and DevOps Consulting | M3DS AI,/services/cloud-infrastructure-devops/,"Practical cloud infrastructure consulting guidance for SEA businesses. Learn options, costs, risks, and next steps. Book a focused M3DS AI diagnostic.",Cloud Infrastructure and DevOps Consulting,"Direct answer: cloud infrastructure consulting | Who this is for | Symptoms and business impact | Recommended architecture or process | Implementation steps | Costs, timeline, and risks | How M3DS AI can help | FAQs",cloud infrastructure consulting,"cloud migration, DevOps consulting, Cloudflare Pages",Informational,Request a cloud audit,Awareness,99
2026-07,2,Service,Custom Dashboard and BI Development | M3DS AI,/services/custom-dashboards-bi/,"Practical custom dashboard development guidance for SEA businesses. Learn options, costs, risks, and next steps. Book a focused M3DS AI diagnostic.",Custom Dashboard and BI Development,"Direct answer: custom dashboard development | Who this is for | Symptoms and business impact | Recommended architecture or process | Implementation steps | Costs, timeline, and risks | How M3DS AI can help | FAQs",custom dashboard development,"KPI dashboard, Power BI consultant, business intelligence",Informational,Request a dashboard brief,Awareness,99
2026-07,3,Service,Conversion-Focused Website Design and SEO | M3DS AI,/services/website-design-seo/,"Practical website design SEO agency guidance for SEA businesses. Learn options, costs, risks, and next steps. Book a focused M3DS AI diagnostic.",Conversion-Focused Website Design and SEO,"Direct answer: website design SEO agency | Who this is for | Symptoms and business impact | Recommended architecture or process | Implementation steps | Costs, timeline, and risks | How M3DS AI can help | FAQs",website design SEO agency,"technical SEO, conversion website design, Next.js website",Transactional,Book a website audit,Decision,98
2026-07,4,Landing,Freshservice Implementation Consultant in Southeast Asia | M3DS AI,/services/freshservice-implementation-consultant/,"Practical Freshservice implementation consultant guidance for SEA businesses. Learn options, costs, risks, and next steps. Book a focused M3DS AI diagnostic.",Freshservice Implementation Consultant in Southeast Asia,"Direct answer: Freshservice implementation consultant | Who this is for | Symptoms and business impact | Recommended architecture or process | Implementation steps | Costs, timeline, and risks | How M3DS AI can help | FAQs",Freshservice implementation consultant,"Freshservice setup, ITSM migration, service desk automation",Transactional,Request implementation quote,Decision,98
2026-08,1,Landing,HaloITSM Implementation Consultant for Growing IT Teams | M3DS AI,/services/haloitsm-implementation-consultant/,"Practical HaloITSM implementation consultant guidance for SEA businesses. Learn options, costs, risks, and next steps. Book a focused M3DS AI diagnostic.",HaloITSM Implementation Consultant for Growing IT Teams,"Direct answer: HaloITSM implementation consultant | Who this is for | Symptoms and business impact | Recommended architecture or process | Implementation steps | Costs, timeline, and risks | How M3DS AI can help | FAQs",HaloITSM implementation consultant,"HaloITSM migration, ITIL service desk, SLA setup",Transactional,Book platform assessment,Decision,98
2026-08,2,Landing,Jira Service Management Consultant for SMB IT Teams | M3DS AI,/services/jira-service-management-consultant/,"Practical Jira Service Management consultant guidance for SEA businesses. Learn options, costs, risks, and next steps. Book a focused M3DS AI diagnostic.",Jira Service Management Consultant for SMB IT Teams,"Direct answer: Jira Service Management consultant | Who this is for | Symptoms and business impact | Recommended architecture or process | Implementation steps | Costs, timeline, and risks | How M3DS AI can help | FAQs",Jira Service Management consultant,"Atlassian service desk, Jira ITSM setup",Transactional,Request Jira ITSM plan,Decision,97
2026-08,3,Comparison,ServiceNow vs Freshservice for SMBs in Southeast Asia | M3DS AI,/comparisons/servicenow-vs-freshservice-smb/,"Practical ServiceNow vs Freshservice guidance for SEA businesses. Learn options, costs, risks, and next steps. Book a focused M3DS AI diagnostic.",ServiceNow vs Freshservice for SMBs in Southeast Asia,"Direct answer: ServiceNow vs Freshservice | Who this is for | Symptoms and business impact | Recommended architecture or process | Implementation steps | Costs, timeline, and risks | How M3DS AI can help | FAQs",ServiceNow vs Freshservice,"Freshservice alternative, ServiceNow cost, ITSM tools",Commercial,Download tool scorecard,Consideration,97
2026-08,4,Comparison,HaloITSM vs Freshservice: Which Fits Your IT Team? | M3DS AI,/comparisons/haloitsm-vs-freshservice/,"Practical HaloITSM vs Freshservice guidance for SEA businesses. Learn options, costs, risks, and next steps. Book a focused M3DS AI diagnostic.",HaloITSM vs Freshservice: Which Fits Your IT Team?,"Direct answer: HaloITSM vs Freshservice | Who this is for | Symptoms and business impact | Recommended architecture or process | Implementation steps | Costs, timeline, and risks | How M3DS AI can help | FAQs",HaloITSM vs Freshservice,"ITSM tool comparison, service desk software",Commercial,Download comparison checklist,Consideration,97
2026-08,1,Comparison,Jira Service Management vs ServiceNow: Practical Guide | M3DS AI,/comparisons/jira-service-management-vs-servicenow/,"Practical Jira Service Management vs ServiceNow guidance for SEA businesses. Learn options, costs, risks, and next steps. Book a focused M3DS AI diagnostic.",Jira Service Management vs ServiceNow,"Direct answer: Jira Service Management vs ServiceNow | Who this is for | Symptoms and business impact | Recommended architecture or process | Implementation steps | Costs, timeline, and risks | How M3DS AI can help | FAQs",Jira Service Management vs ServiceNow,"ITSM comparison, Atlassian ITSM, ServiceNow alternative",Commercial,Request tool selection call,Consideration,96
2026-08,2,Guide,How to Choose an ITSM Tool Without Overbuying | M3DS AI,/resources/how-to-choose-itsm-tool/,"Practical how to choose an ITSM tool guidance for SEA businesses. Learn options, costs, risks, and next steps. Book a focused M3DS AI diagnostic.",How to Choose an ITSM Tool Without Overbuying,"Direct answer: how to choose an ITSM tool | Who this is for | Symptoms and business impact | Recommended architecture or process | Implementation steps | Costs, timeline, and risks | How M3DS AI can help | FAQs",how to choose an ITSM tool,"ITSM tool selection checklist, ServiceNow alternatives",Informational,Download ITSM checklist,Awareness,96
2026-08,3,Guide,ITIL 4 for SMBs: What to Implement First | M3DS AI,/resources/itil-4-for-smbs/,"Practical ITIL 4 for SMBs guidance for SEA businesses. Learn options, costs, risks, and next steps. Book a focused M3DS AI diagnostic.",ITIL 4 for SMBs: What to Implement First,"Direct answer: ITIL 4 for SMBs | Who this is for | Symptoms and business impact | Recommended architecture or process | Implementation steps | Costs, timeline, and risks | How M3DS AI can help | FAQs",ITIL 4 for SMBs,"incident management, change enablement, service catalog",Informational,Book ITIL readiness call,Awareness,96
2026-08,4,Guide,"AI Service Desk Automation: Use Cases, Risks, Roadmap | M3DS AI",/resources/ai-service-desk-automation/,"Practical AI service desk automation guidance for SEA businesses. Learn options, costs, risks, and next steps. Book a focused M3DS AI diagnostic.","AI Service Desk Automation: Use Cases, Risks, Roadmap","Direct answer: AI service desk automation | Who this is for | Symptoms and business impact | Recommended architecture or process | Implementation steps | Costs, timeline, and risks | How M3DS AI can help | FAQs",AI service desk automation,"AI ticket triage, chatbot, knowledge base automation",Informational,Get AI automation roadmap,Awareness,95
2026-09,1,Guide,RAG Chatbots for Internal Knowledge Bases | M3DS AI,/resources/rag-chatbot-internal-knowledge-base/,"Practical RAG chatbot internal knowledge base guidance for SEA businesses. Learn options, costs, risks, and next steps. Book a focused M3DS AI diagnostic.",RAG Chatbots for Internal Knowledge Bases,"Direct answer: RAG chatbot internal knowledge base | Who this is for | Symptoms and business impact | Recommended architecture or process | Implementation steps | Costs, timeline, and risks | How M3DS AI can help | FAQs",RAG chatbot internal knowledge base,"LLM integration, knowledge management, AI chatbot",Informational,Request RAG workshop,Awareness,95
2026-09,2,Guide,AI Voice Agents for Customer Service in SEA | M3DS AI,/resources/ai-voice-agents-customer-service-sea/,"Practical AI voice agent customer service guidance for SEA businesses. Learn options, costs, risks, and next steps. Book a focused M3DS AI diagnostic.",AI Voice Agents for Customer Service in SEA,"Direct answer: AI voice agent customer service | Who this is for | Symptoms and business impact | Recommended architecture or process | Implementation steps | Costs, timeline, and risks | How M3DS AI can help | FAQs",AI voice agent customer service,"voice AI receptionist, call automation, Vapi consultant",Informational,Book voice AI demo,Awareness,95
2026-09,3,Guide,Incident Management Process Design for Faster Resolution | M3DS AI,/resources/incident-management-process-design/,"Practical incident management process guidance for SEA businesses. Learn options, costs, risks, and next steps. Book a focused M3DS AI diagnostic.",Incident Management Process Design for Faster Resolution,"Direct answer: incident management process | Who this is for | Symptoms and business impact | Recommended architecture or process | Implementation steps | Costs, timeline, and risks | How M3DS AI can help | FAQs",incident management process,"ITIL incident management, SLA dashboard",Informational,Request process audit,Awareness,94
2026-09,4,Guide,Change Enablement Process: Reduce Failed Changes | M3DS AI,/resources/change-enablement-process/,"Practical change enablement process guidance for SEA businesses. Learn options, costs, risks, and next steps. Book a focused M3DS AI diagnostic.",Change Enablement Process: Reduce Failed Changes,"Direct answer: change enablement process | Who this is for | Symptoms and business impact | Recommended architecture or process | Implementation steps | Costs, timeline, and risks | How M3DS AI can help | FAQs",change enablement process,"change management ITIL, CAB process, change failure rate",Informational,Book ITSM process review,Awareness,94
2026-09,1,Guide,Service Catalog Design: Examples and Templates | M3DS AI,/resources/service-catalog-design-template/,"Practical service catalog design guidance for SEA businesses. Learn options, costs, risks, and next steps. Book a focused M3DS AI diagnostic.",Service Catalog Design: Examples and Templates,"Direct answer: service catalog design | Who this is for | Symptoms and business impact | Recommended architecture or process | Implementation steps | Costs, timeline, and risks | How M3DS AI can help | FAQs",service catalog design,"IT service catalog template, request fulfillment",Informational,Download service catalog template,Awareness,93
2026-09,2,Guide,CMDB Implementation: Practical SMB Roadmap | M3DS AI,/resources/cmdb-implementation-roadmap/,"Practical CMDB implementation guidance for SEA businesses. Learn options, costs, risks, and next steps. Book a focused M3DS AI diagnostic.",CMDB Implementation: Practical SMB Roadmap,"Direct answer: CMDB implementation | Who this is for | Symptoms and business impact | Recommended architecture or process | Implementation steps | Costs, timeline, and risks | How M3DS AI can help | FAQs",CMDB implementation,"asset management, configuration management database",Informational,Request CMDB plan,Awareness,93
2026-09,3,Guide,SLA Dashboard Design: Metrics That Executives Care About | M3DS AI,/resources/sla-dashboard-design/,"Practical SLA dashboard guidance for SEA businesses. Learn options, costs, risks, and next steps. Book a focused M3DS AI diagnostic.",SLA Dashboard Design: Metrics That Executives Care About,"Direct answer: SLA dashboard | Who this is for | Symptoms and business impact | Recommended architecture or process | Implementation steps | Costs, timeline, and risks | How M3DS AI can help | FAQs",SLA dashboard,"KPI dashboard, IT reporting, service desk metrics",Informational,Request dashboard prototype,Awareness,93
2026-09,4,Guide,Cybersecurity Audit Checklist for SEA SMBs | M3DS AI,/resources/cybersecurity-audit-checklist-sea/,"Practical cybersecurity audit checklist guidance for SEA businesses. Learn options, costs, risks, and next steps. Book a focused M3DS AI diagnostic.",Cybersecurity Audit Checklist for SEA SMBs,"Direct answer: cybersecurity audit checklist | Who this is for | Symptoms and business impact | Recommended architecture or process | Implementation steps | Costs, timeline, and risks | How M3DS AI can help | FAQs",cybersecurity audit checklist,"security assessment, PDPA, penetration testing",Informational,Download audit checklist,Awareness,92
2026-10,1,Guide,Zero Trust for SMBs: Practical Implementation Roadmap | M3DS AI,/resources/zero-trust-for-smbs/,"Practical zero trust for SMB guidance for SEA businesses. Learn options, costs, risks, and next steps. Book a focused M3DS AI diagnostic.",Zero Trust for SMBs: Practical Implementation Roadmap,"Direct answer: zero trust for SMB | Who this is for | Symptoms and business impact | Recommended architecture or process | Implementation steps | Costs, timeline, and risks | How M3DS AI can help | FAQs",zero trust for SMB,"identity security, access control, cybersecurity roadmap",Informational,Book zero trust review,Awareness,92
2026-10,2,Guide,PDPA Readiness for Singapore and Malaysia IT Teams | M3DS AI,/resources/pdpa-readiness-it-teams/,"Practical PDPA readiness consultant guidance for SEA businesses. Learn options, costs, risks, and next steps. Book a focused M3DS AI diagnostic.",PDPA Readiness for Singapore and Malaysia IT Teams,"Direct answer: PDPA readiness consultant | Who this is for | Symptoms and business impact | Recommended architecture or process | Implementation steps | Costs, timeline, and risks | How M3DS AI can help | FAQs",PDPA readiness consultant,"data protection, cybersecurity compliance, Singapore PDPA",Transactional,Request compliance gap review,Decision,92
2026-10,3,Guide,PCI DSS Readiness for Fintech and Ecommerce Teams | M3DS AI,/resources/pci-dss-readiness-fintech-ecommerce/,"Practical PCI DSS readiness consulting guidance for SEA businesses. Learn options, costs, risks, and next steps. Book a focused M3DS AI diagnostic.",PCI DSS Readiness for Fintech and Ecommerce Teams,"Direct answer: PCI DSS readiness consulting | Who this is for | Symptoms and business impact | Recommended architecture or process | Implementation steps | Costs, timeline, and risks | How M3DS AI can help | FAQs",PCI DSS readiness consulting,"fintech cybersecurity, ecommerce security audit",Informational,Book PCI readiness call,Awareness,91
2026-10,4,Guide,Cloud Migration Roadmap for SMBs in Southeast Asia | M3DS AI,/resources/cloud-migration-roadmap-smb-sea/,"Practical cloud migration roadmap guidance for SEA businesses. Learn options, costs, risks, and next steps. Book a focused M3DS AI diagnostic.",Cloud Migration Roadmap for SMBs in Southeast Asia,"Direct answer: cloud migration roadmap | Who this is for | Symptoms and business impact | Recommended architecture or process | Implementation steps | Costs, timeline, and risks | How M3DS AI can help | FAQs",cloud migration roadmap,"AWS migration, GCP migration, cloud infrastructure",Informational,Request migration assessment,Awareness,91
2026-10,1,Guide,Cloud Cost Optimization Checklist for Growing Teams | M3DS AI,/resources/cloud-cost-optimization-checklist/,"Practical cloud cost optimization consultant guidance for SEA businesses. Learn options, costs, risks, and next steps. Book a focused M3DS AI diagnostic.",Cloud Cost Optimization Checklist for Growing Teams,"Direct answer: cloud cost optimization consultant | Who this is for | Symptoms and business impact | Recommended architecture or process | Implementation steps | Costs, timeline, and risks | How M3DS AI can help | FAQs",cloud cost optimization consultant,"FinOps, cloud savings, AWS cost optimization",Transactional,Download cost checklist,Decision,91
2026-10,2,Guide,Cloudflare Pages SEO and Performance Setup Guide | M3DS AI,/resources/cloudflare-pages-seo-performance/,"Practical Cloudflare Pages SEO guidance for SEA businesses. Learn options, costs, risks, and next steps. Book a focused M3DS AI diagnostic.",Cloudflare Pages SEO and Performance Setup Guide,"Direct answer: Cloudflare Pages SEO | Who this is for | Symptoms and business impact | Recommended architecture or process | Implementation steps | Costs, timeline, and risks | How M3DS AI can help | FAQs",Cloudflare Pages SEO,"Cloudflare Pages development, Core Web Vitals",Informational,Book technical SEO review,Awareness,90
2026-10,3,Guide,Next.js SEO Checklist for Service Businesses | M3DS AI,/resources/nextjs-seo-checklist-service-business/,"Practical Next.js SEO checklist guidance for SEA businesses. Learn options, costs, risks, and next steps. Book a focused M3DS AI diagnostic.",Next.js SEO Checklist for Service Businesses,"Direct answer: Next.js SEO checklist | Who this is for | Symptoms and business impact | Recommended architecture or process | Implementation steps | Costs, timeline, and risks | How M3DS AI can help | FAQs",Next.js SEO checklist,"metadata, sitemap, structured data, canonical",Informational,Download Next.js SEO checklist,Awareness,90
2026-10,4,Guide,Technical SEO Audit Checklist for B2B Service Sites | M3DS AI,/resources/technical-seo-audit-checklist-b2b/,"Practical technical SEO audit checklist guidance for SEA businesses. Learn options, costs, risks, and next steps. Book a focused M3DS AI diagnostic.",Technical SEO Audit Checklist for B2B Service Sites,"Direct answer: technical SEO audit checklist | Who this is for | Symptoms and business impact | Recommended architecture or process | Implementation steps | Costs, timeline, and risks | How M3DS AI can help | FAQs",technical SEO audit checklist,"schema markup, Core Web Vitals, crawlability",Informational,Book SEO audit,Awareness,90
2026-11,1,Guide,Conversion-Focused Website Design for SMBs | M3DS AI,/resources/conversion-focused-website-design/,"Practical conversion focused website design guidance for SEA businesses. Learn options, costs, risks, and next steps. Book a focused M3DS AI diagnostic.",Conversion-Focused Website Design for SMBs,"Direct answer: conversion focused website design | Who this is for | Symptoms and business impact | Recommended architecture or process | Implementation steps | Costs, timeline, and risks | How M3DS AI can help | FAQs",conversion focused website design,"CRO, landing page design, lead generation website",Informational,Request website teardown,Awareness,89
2026-11,2,Guide,B2B SEO Strategy for Southeast Asian Service Firms | M3DS AI,/resources/b2b-seo-strategy-southeast-asia/,"Practical B2B SEO Southeast Asia guidance for SEA businesses. Learn options, costs, risks, and next steps. Book a focused M3DS AI diagnostic.",B2B SEO Strategy for Southeast Asian Service Firms,"Direct answer: B2B SEO Southeast Asia | Who this is for | Symptoms and business impact | Recommended architecture or process | Implementation steps | Costs, timeline, and risks | How M3DS AI can help | FAQs",B2B SEO Southeast Asia,"topical authority, AI search optimization, lead generation",Local/Informational,Request SEO growth plan,Decision,89
2026-11,3,Guide,AI Search Optimization for B2B Service Companies | M3DS AI,/resources/ai-search-optimization-b2b-services/,"Practical AI search optimization guidance for SEA businesses. Learn options, costs, risks, and next steps. Book a focused M3DS AI diagnostic.",AI Search Optimization for B2B Service Companies,"Direct answer: AI search optimization | Who this is for | Symptoms and business impact | Recommended architecture or process | Implementation steps | Costs, timeline, and risks | How M3DS AI can help | FAQs",AI search optimization,"GEO, AEO, ChatGPT Search, Perplexity SEO",Informational,Book AI visibility audit,Awareness,89
2026-11,4,Guide,How to Build Answer Blocks That AI Search Can Cite | M3DS AI,/resources/answer-blocks-ai-search/,"Practical answer blocks AI search guidance for SEA businesses. Learn options, costs, risks, and next steps. Book a focused M3DS AI diagnostic.",How to Build Answer Blocks That AI Search Can Cite,"Direct answer: answer blocks AI search | Who this is for | Symptoms and business impact | Recommended architecture or process | Implementation steps | Costs, timeline, and risks | How M3DS AI can help | FAQs",answer blocks AI search,"generative engine optimization, FAQ schema, entity SEO",Informational,Download answer block template,Awareness,88
2026-11,1,Case Study,Bali Sunny Kids Website Redesign Case Study | M3DS AI,/case-studies/bali-sunny-kids-website-redesign/,"Practical website redesign case study guidance for SEA businesses. Learn options, costs, risks, and next steps. Book a focused M3DS AI diagnostic.",Bali Sunny Kids Website Redesign Case Study,"Direct answer: website redesign case study | Who this is for | Symptoms and business impact | Recommended architecture or process | Implementation steps | Costs, timeline, and risks | How M3DS AI can help | FAQs",website redesign case study,"conversion rate increase, Bali website design",Informational,Book website strategy call,Awareness,88
2026-11,2,Case Study,AI Chatbot Automation Case Study for Customer Inquiries | M3DS AI,/case-studies/ai-chatbot-customer-inquiries/,"Practical AI chatbot case study guidance for SEA businesses. Learn options, costs, risks, and next steps. Book a focused M3DS AI diagnostic.",AI Chatbot Automation Case Study for Customer Inquiries,"Direct answer: AI chatbot case study | Who this is for | Symptoms and business impact | Recommended architecture or process | Implementation steps | Costs, timeline, and risks | How M3DS AI can help | FAQs",AI chatbot case study,"customer support automation, chatbot ROI",Informational,Request chatbot feasibility review,Awareness,88
2026-11,3,Case Study,Security Audit Case Study: Finding Hidden Risk | M3DS AI,/case-studies/security-audit-hidden-risk/,"Practical security audit case study guidance for SEA businesses. Learn options, costs, risks, and next steps. Book a focused M3DS AI diagnostic.",Security Audit Case Study: Finding Hidden Risk,"Direct answer: security audit case study | Who this is for | Symptoms and business impact | Recommended architecture or process | Implementation steps | Costs, timeline, and risks | How M3DS AI can help | FAQs",security audit case study,"penetration testing, vulnerability assessment",Transactional,Book security assessment,Decision,87
2026-11,4,Location,IT Consulting Services in Singapore | M3DS AI,/locations/singapore-it-consulting/,"Practical IT consulting Singapore guidance for SEA businesses. Learn options, costs, risks, and next steps. Book a focused M3DS AI diagnostic.",IT Consulting Services in Singapore,"Direct answer: IT consulting Singapore | Who this is for | Symptoms and business impact | Recommended architecture or process | Implementation steps | Costs, timeline, and risks | How M3DS AI can help | FAQs",IT consulting Singapore,"ITSM consultant Singapore, AI automation Singapore",Local/Informational,Book Singapore consultation,Decision,87
2026-12,1,Location,IT Consulting Services in Malaysia | M3DS AI,/locations/malaysia-it-consulting/,"Practical IT consulting Malaysia guidance for SEA businesses. Learn options, costs, risks, and next steps. Book a focused M3DS AI diagnostic.",IT Consulting Services in Malaysia,"Direct answer: IT consulting Malaysia | Who this is for | Symptoms and business impact | Recommended architecture or process | Implementation steps | Costs, timeline, and risks | How M3DS AI can help | FAQs",IT consulting Malaysia,"ITSM consultant Malaysia, cybersecurity Malaysia",Local/Informational,Book Malaysia consultation,Decision,86
2026-12,2,Location,IT Consulting Services in Indonesia | M3DS AI,/locations/indonesia-it-consulting/,"Practical IT consulting Indonesia guidance for SEA businesses. Learn options, costs, risks, and next steps. Book a focused M3DS AI diagnostic.",IT Consulting Services in Indonesia,"Direct answer: IT consulting Indonesia | Who this is for | Symptoms and business impact | Recommended architecture or process | Implementation steps | Costs, timeline, and risks | How M3DS AI can help | FAQs",IT consulting Indonesia,"AI automation Jakarta, cybersecurity Indonesia",Local/Informational,Book Indonesia consultation,Decision,86
2026-12,3,Location,IT Consulting Services in Bali | M3DS AI,/locations/bali-it-consulting/,"Practical IT consulting Bali guidance for SEA businesses. Learn options, costs, risks, and next steps. Book a focused M3DS AI diagnostic.",IT Consulting Services in Bali,"Direct answer: IT consulting Bali | Who this is for | Symptoms and business impact | Recommended architecture or process | Implementation steps | Costs, timeline, and risks | How M3DS AI can help | FAQs",IT consulting Bali,"website design Bali, AI automation Bali",Local/Informational,Book Bali consultation,Decision,86
2026-12,4,Location,IT Consulting Services in the Philippines | M3DS AI,/locations/philippines-it-consulting/,"Practical IT consulting Philippines guidance for SEA businesses. Learn options, costs, risks, and next steps. Book a focused M3DS AI diagnostic.",IT Consulting Services in the Philippines,"Direct answer: IT consulting Philippines | Who this is for | Symptoms and business impact | Recommended architecture or process | Implementation steps | Costs, timeline, and risks | How M3DS AI can help | FAQs",IT consulting Philippines,"ITSM consultant Manila, AI automation Philippines",Local/Informational,Book Philippines consultation,Decision,85
2026-12,1,Location,IT Consulting Services in Thailand | M3DS AI,/locations/thailand-it-consulting/,"Practical IT consulting Thailand guidance for SEA businesses. Learn options, costs, risks, and next steps. Book a focused M3DS AI diagnostic.",IT Consulting Services in Thailand,"Direct answer: IT consulting Thailand | Who this is for | Symptoms and business impact | Recommended architecture or process | Implementation steps | Costs, timeline, and risks | How M3DS AI can help | FAQs",IT consulting Thailand,"ITSM consultant Bangkok, cybersecurity Thailand",Local/Informational,Book Thailand consultation,Decision,85
2026-12,2,Industry,ITSM Consulting for Fintech Companies | M3DS AI,/industries/fintech-itsm-consulting/,"Practical ITSM consulting fintech guidance for SEA businesses. Learn options, costs, risks, and next steps. Book a focused M3DS AI diagnostic.",ITSM Consulting for Fintech Companies,"Direct answer: ITSM consulting fintech | Who this is for | Symptoms and business impact | Recommended architecture or process | Implementation steps | Costs, timeline, and risks | How M3DS AI can help | FAQs",ITSM consulting fintech,"fintech cybersecurity, PCI DSS, service desk automation",Informational,Book fintech diagnostic,Awareness,85
2026-12,3,Industry,AI Automation for Ecommerce Operations | M3DS AI,/industries/ecommerce-ai-automation/,"Practical AI automation ecommerce guidance for SEA businesses. Learn options, costs, risks, and next steps. Book a focused M3DS AI diagnostic.",AI Automation for Ecommerce Operations,"Direct answer: AI automation ecommerce | Who this is for | Symptoms and business impact | Recommended architecture or process | Implementation steps | Costs, timeline, and risks | How M3DS AI can help | FAQs",AI automation ecommerce,"customer support automation, ecommerce chatbot",Informational,Request ecommerce automation map,Awareness,84
2026-12,4,Industry,IT Operations Consulting for Logistics Companies | M3DS AI,/industries/logistics-it-operations/,"Practical IT operations consulting logistics guidance for SEA businesses. Learn options, costs, risks, and next steps. Book a focused M3DS AI diagnostic.",IT Operations Consulting for Logistics Companies,"Direct answer: IT operations consulting logistics | Who this is for | Symptoms and business impact | Recommended architecture or process | Implementation steps | Costs, timeline, and risks | How M3DS AI can help | FAQs",IT operations consulting logistics,"SLA dashboards, workflow automation, logistics IT",Informational,Book logistics IT review,Awareness,84
2027-01,1,Industry,Cybersecurity Consulting for Healthcare Clinics | M3DS AI,/industries/healthcare-cybersecurity-consulting/,"Practical cybersecurity consulting healthcare guidance for SEA businesses. Learn options, costs, risks, and next steps. Book a focused M3DS AI diagnostic.",Cybersecurity Consulting for Healthcare Clinics,"Direct answer: cybersecurity consulting healthcare | Who this is for | Symptoms and business impact | Recommended architecture or process | Implementation steps | Costs, timeline, and risks | How M3DS AI can help | FAQs",cybersecurity consulting healthcare,"clinic cybersecurity, patient data protection",Informational,Request healthcare security review,Awareness,84
2027-01,2,Industry,ITSM for Manufacturing Teams | M3DS AI,/industries/manufacturing-itsm-consulting/,"Practical ITSM for manufacturing guidance for SEA businesses. Learn options, costs, risks, and next steps. Book a focused M3DS AI diagnostic.",ITSM for Manufacturing Teams,"Direct answer: ITSM for manufacturing | Who this is for | Symptoms and business impact | Recommended architecture or process | Implementation steps | Costs, timeline, and risks | How M3DS AI can help | FAQs",ITSM for manufacturing,"plant IT support, incident management, OT IT alignment",Informational,Book manufacturing IT review,Awareness,83
2027-01,3,Industry,AI Receptionist for Hospitality and Clinics | M3DS AI,/industries/ai-receptionist-hospitality-clinics/,"Practical AI receptionist hospitality clinics guidance for SEA businesses. Learn options, costs, risks, and next steps. Book a focused M3DS AI diagnostic.",AI Receptionist for Hospitality and Clinics,"Direct answer: AI receptionist hospitality clinics | Who this is for | Symptoms and business impact | Recommended architecture or process | Implementation steps | Costs, timeline, and risks | How M3DS AI can help | FAQs",AI receptionist hospitality clinics,"voice AI receptionist, booking automation",Informational,Book AI receptionist demo,Awareness,83
2027-01,4,Location,Southeast Asia AI Automation and ITSM Services | M3DS AI,/locations/southeast-asia-ai-itsm-services/,"Practical AI automation ITSM Southeast Asia guidance for SEA businesses. Learn options, costs, risks, and next steps. Book a focused M3DS AI diagnostic.",Southeast Asia AI Automation and ITSM Services,"Direct answer: AI automation ITSM Southeast Asia | Who this is for | Symptoms and business impact | Recommended architecture or process | Implementation steps | Costs, timeline, and risks | How M3DS AI can help | FAQs",AI automation ITSM Southeast Asia,"ITSM Southeast Asia, AI consultant Southeast Asia, cybersecurity Southeast Asia",Local/Informational,Book Southeast Asia consult,Decision,83
2027-01,1,Location,Singapore AI Automation and ITSM Services | M3DS AI,/locations/singapore-ai-itsm-services/,"Practical AI automation ITSM Singapore guidance for SEA businesses. Learn options, costs, risks, and next steps. Book a focused M3DS AI diagnostic.",Singapore AI Automation and ITSM Services,"Direct answer: AI automation ITSM Singapore | Who this is for | Symptoms and business impact | Recommended architecture or process | Implementation steps | Costs, timeline, and risks | How M3DS AI can help | FAQs",AI automation ITSM Singapore,"ITSM Singapore, AI consultant Singapore, cybersecurity Singapore",Local/Informational,Book Singapore consult,Decision,82
2027-01,2,Location,Malaysia AI Automation and ITSM Services | M3DS AI,/locations/malaysia-ai-itsm-services/,"Practical AI automation ITSM Malaysia guidance for SEA businesses. Learn options, costs, risks, and next steps. Book a focused M3DS AI diagnostic.",Malaysia AI Automation and ITSM Services,"Direct answer: AI automation ITSM Malaysia | Who this is for | Symptoms and business impact | Recommended architecture or process | Implementation steps | Costs, timeline, and risks | How M3DS AI can help | FAQs",AI automation ITSM Malaysia,"ITSM Malaysia, AI consultant Malaysia, cybersecurity Malaysia",Local/Informational,Book Malaysia consult,Decision,82
2027-01,3,Location,Kuala Lumpur AI Automation and ITSM Services | M3DS AI,/locations/kuala-lumpur-ai-itsm-services/,"Practical AI automation ITSM Kuala Lumpur guidance for SEA businesses. Learn options, costs, risks, and next steps. Book a focused M3DS AI diagnostic.",Kuala Lumpur AI Automation and ITSM Services,"Direct answer: AI automation ITSM Kuala Lumpur | Who this is for | Symptoms and business impact | Recommended architecture or process | Implementation steps | Costs, timeline, and risks | How M3DS AI can help | FAQs",AI automation ITSM Kuala Lumpur,"ITSM Kuala Lumpur, AI consultant Kuala Lumpur, cybersecurity Kuala Lumpur",Local/Informational,Book Kuala Lumpur consult,Decision,82
2027-01,4,Location,Johor Bahru AI Automation and ITSM Services | M3DS AI,/locations/johor-bahru-ai-itsm-services/,"Practical AI automation ITSM Johor Bahru guidance for SEA businesses. Learn options, costs, risks, and next steps. Book a focused M3DS AI diagnostic.",Johor Bahru AI Automation and ITSM Services,"Direct answer: AI automation ITSM Johor Bahru | Who this is for | Symptoms and business impact | Recommended architecture or process | Implementation steps | Costs, timeline, and risks | How M3DS AI can help | FAQs",AI automation ITSM Johor Bahru,"ITSM Johor Bahru, AI consultant Johor Bahru, cybersecurity Johor Bahru",Local/Informational,Book Johor Bahru consult,Decision,81
2027-02,1,Location,Indonesia AI Automation and ITSM Services | M3DS AI,/locations/indonesia-ai-itsm-services/,"Practical AI automation ITSM Indonesia guidance for SEA businesses. Learn options, costs, risks, and next steps. Book a focused M3DS AI diagnostic.",Indonesia AI Automation and ITSM Services,"Direct answer: AI automation ITSM Indonesia | Who this is for | Symptoms and business impact | Recommended architecture or process | Implementation steps | Costs, timeline, and risks | How M3DS AI can help | FAQs",AI automation ITSM Indonesia,"ITSM Indonesia, AI consultant Indonesia, cybersecurity Indonesia",Local/Informational,Book Indonesia consult,Decision,81
2027-02,2,Location,Jakarta AI Automation and ITSM Services | M3DS AI,/locations/jakarta-ai-itsm-services/,"Practical AI automation ITSM Jakarta guidance for SEA businesses. Learn options, costs, risks, and next steps. Book a focused M3DS AI diagnostic.",Jakarta AI Automation and ITSM Services,"Direct answer: AI automation ITSM Jakarta | Who this is for | Symptoms and business impact | Recommended architecture or process | Implementation steps | Costs, timeline, and risks | How M3DS AI can help | FAQs",AI automation ITSM Jakarta,"ITSM Jakarta, AI consultant Jakarta, cybersecurity Jakarta",Local/Informational,Book Jakarta consult,Decision,81
2027-02,3,Location,Bali AI Automation and ITSM Services | M3DS AI,/locations/bali-ai-itsm-services/,"Practical AI automation ITSM Bali guidance for SEA businesses. Learn options, costs, risks, and next steps. Book a focused M3DS AI diagnostic.",Bali AI Automation and ITSM Services,"Direct answer: AI automation ITSM Bali | Who this is for | Symptoms and business impact | Recommended architecture or process | Implementation steps | Costs, timeline, and risks | How M3DS AI can help | FAQs",AI automation ITSM Bali,"ITSM Bali, AI consultant Bali, cybersecurity Bali",Local/Informational,Book Bali consult,Decision,80
2027-02,4,Location,Surabaya AI Automation and ITSM Services | M3DS AI,/locations/surabaya-ai-itsm-services/,"Practical AI automation ITSM Surabaya guidance for SEA businesses. Learn options, costs, risks, and next steps. Book a focused M3DS AI diagnostic.",Surabaya AI Automation and ITSM Services,"Direct answer: AI automation ITSM Surabaya | Who this is for | Symptoms and business impact | Recommended architecture or process | Implementation steps | Costs, timeline, and risks | How M3DS AI can help | FAQs",AI automation ITSM Surabaya,"ITSM Surabaya, AI consultant Surabaya, cybersecurity Surabaya",Local/Informational,Book Surabaya consult,Decision,80
2027-02,1,Location,Philippines AI Automation and ITSM Services | M3DS AI,/locations/philippines-ai-itsm-services/,"Practical AI automation ITSM Philippines guidance for SEA businesses. Learn options, costs, risks, and next steps. Book a focused M3DS AI diagnostic.",Philippines AI Automation and ITSM Services,"Direct answer: AI automation ITSM Philippines | Who this is for | Symptoms and business impact | Recommended architecture or process | Implementation steps | Costs, timeline, and risks | How M3DS AI can help | FAQs",AI automation ITSM Philippines,"ITSM Philippines, AI consultant Philippines, cybersecurity Philippines",Local/Informational,Book Philippines consult,Decision,79
2027-02,2,Location,Manila AI Automation and ITSM Services | M3DS AI,/locations/manila-ai-itsm-services/,"Practical AI automation ITSM Manila guidance for SEA businesses. Learn options, costs, risks, and next steps. Book a focused M3DS AI diagnostic.",Manila AI Automation and ITSM Services,"Direct answer: AI automation ITSM Manila | Who this is for | Symptoms and business impact | Recommended architecture or process | Implementation steps | Costs, timeline, and risks | How M3DS AI can help | FAQs",AI automation ITSM Manila,"ITSM Manila, AI consultant Manila, cybersecurity Manila",Local/Informational,Book Manila consult,Decision,79
2027-02,3,Location,Cebu AI Automation and ITSM Services | M3DS AI,/locations/cebu-ai-itsm-services/,"Practical AI automation ITSM Cebu guidance for SEA businesses. Learn options, costs, risks, and next steps. Book a focused M3DS AI diagnostic.",Cebu AI Automation and ITSM Services,"Direct answer: AI automation ITSM Cebu | Who this is for | Symptoms and business impact | Recommended architecture or process | Implementation steps | Costs, timeline, and risks | How M3DS AI can help | FAQs",AI automation ITSM Cebu,"ITSM Cebu, AI consultant Cebu, cybersecurity Cebu",Local/Informational,Book Cebu consult,Decision,79
2027-02,4,Industry,Fintech IT Consulting and AI Automation Guide | M3DS AI,/industries/fintech-it-consulting-ai-automation/,"Practical IT consulting for fintech guidance for SEA businesses. Learn options, costs, risks, and next steps. Book a focused M3DS AI diagnostic.",Fintech IT Consulting and AI Automation Guide,"Direct answer: IT consulting for fintech | Who this is for | Symptoms and business impact | Recommended architecture or process | Implementation steps | Costs, timeline, and risks | How M3DS AI can help | FAQs",IT consulting for fintech,"AI automation fintech, ITSM fintech, cybersecurity fintech",Informational,Request fintech roadmap,Awareness,78
2027-03,1,Industry,Ecommerce IT Consulting and AI Automation Guide | M3DS AI,/industries/ecommerce-it-consulting-ai-automation/,"Practical IT consulting for ecommerce guidance for SEA businesses. Learn options, costs, risks, and next steps. Book a focused M3DS AI diagnostic.",Ecommerce IT Consulting and AI Automation Guide,"Direct answer: IT consulting for ecommerce | Who this is for | Symptoms and business impact | Recommended architecture or process | Implementation steps | Costs, timeline, and risks | How M3DS AI can help | FAQs",IT consulting for ecommerce,"AI automation ecommerce, ITSM ecommerce, cybersecurity ecommerce",Informational,Request ecommerce roadmap,Awareness,78
2027-03,2,Industry,Logistics IT Consulting and AI Automation Guide | M3DS AI,/industries/logistics-it-consulting-ai-automation/,"Practical IT consulting for logistics guidance for SEA businesses. Learn options, costs, risks, and next steps. Book a focused M3DS AI diagnostic.",Logistics IT Consulting and AI Automation Guide,"Direct answer: IT consulting for logistics | Who this is for | Symptoms and business impact | Recommended architecture or process | Implementation steps | Costs, timeline, and risks | How M3DS AI can help | FAQs",IT consulting for logistics,"AI automation logistics, ITSM logistics, cybersecurity logistics",Informational,Request logistics roadmap,Awareness,78
2027-03,3,Industry,Healthcare IT Consulting and AI Automation Guide | M3DS AI,/industries/healthcare-it-consulting-ai-automation/,"Practical IT consulting for healthcare guidance for SEA businesses. Learn options, costs, risks, and next steps. Book a focused M3DS AI diagnostic.",Healthcare IT Consulting and AI Automation Guide,"Direct answer: IT consulting for healthcare | Who this is for | Symptoms and business impact | Recommended architecture or process | Implementation steps | Costs, timeline, and risks | How M3DS AI can help | FAQs",IT consulting for healthcare,"AI automation healthcare, ITSM healthcare, cybersecurity healthcare",Informational,Request healthcare roadmap,Awareness,77
2027-03,4,Industry,Manufacturing IT Consulting and AI Automation Guide | M3DS AI,/industries/manufacturing-it-consulting-ai-automation/,"Practical IT consulting for manufacturing guidance for SEA businesses. Learn options, costs, risks, and next steps. Book a focused M3DS AI diagnostic.",Manufacturing IT Consulting and AI Automation Guide,"Direct answer: IT consulting for manufacturing | Who this is for | Symptoms and business impact | Recommended architecture or process | Implementation steps | Costs, timeline, and risks | How M3DS AI can help | FAQs",IT consulting for manufacturing,"AI automation manufacturing, ITSM manufacturing, cybersecurity manufacturing",Informational,Request manufacturing roadmap,Awareness,77
2027-03,1,Industry,Hospitality IT Consulting and AI Automation Guide | M3DS AI,/industries/hospitality-it-consulting-ai-automation/,"Practical IT consulting for hospitality guidance for SEA businesses. Learn options, costs, risks, and next steps. Book a focused M3DS AI diagnostic.",Hospitality IT Consulting and AI Automation Guide,"Direct answer: IT consulting for hospitality | Who this is for | Symptoms and business impact | Recommended architecture or process | Implementation steps | Costs, timeline, and risks | How M3DS AI can help | FAQs",IT consulting for hospitality,"AI automation hospitality, ITSM hospitality, cybersecurity hospitality",Informational,Request hospitality roadmap,Awareness,77
2027-03,2,Industry,Education IT Consulting and AI Automation Guide | M3DS AI,/industries/education-it-consulting-ai-automation/,"Practical IT consulting for education guidance for SEA businesses. Learn options, costs, risks, and next steps. Book a focused M3DS AI diagnostic.",Education IT Consulting and AI Automation Guide,"Direct answer: IT consulting for education | Who this is for | Symptoms and business impact | Recommended architecture or process | Implementation steps | Costs, timeline, and risks | How M3DS AI can help | FAQs",IT consulting for education,"AI automation education, ITSM education, cybersecurity education",Informational,Request education roadmap,Awareness,76
2027-03,3,Industry,Real Estate IT Consulting and AI Automation Guide | M3DS AI,/industries/real-estate-it-consulting-ai-automation/,"Practical IT consulting for real estate guidance for SEA businesses. Learn options, costs, risks, and next steps. Book a focused M3DS AI diagnostic.",Real Estate IT Consulting and AI Automation Guide,"Direct answer: IT consulting for real estate | Who this is for | Symptoms and business impact | Recommended architecture or process | Implementation steps | Costs, timeline, and risks | How M3DS AI can help | FAQs",IT consulting for real estate,"AI automation real estate, ITSM real estate, cybersecurity real estate",Informational,Request real estate roadmap,Awareness,76
2027-03,4,Industry,Professional Services IT Consulting and AI Automation Guide | M3DS AI,/industries/professional-services-it-consulting-ai-automation/,"Practical IT consulting for professional services guidance for SEA businesses. Learn options, costs, risks, and next steps. Book a focused M3DS AI diagnostic.",Professional Services IT Consulting and AI Automation Guide,"Direct answer: IT consulting for professional services | Who this is for | Symptoms and business impact | Recommended architecture or process | Implementation steps | Costs, timeline, and risks | How M3DS AI can help | FAQs",IT consulting for professional services,"AI automation professional services, ITSM professional services, cybersecurity professional services",Transactional,Request professional services roadmap,Decision,76
2027-04,1,Industry,Retail IT Consulting and AI Automation Guide | M3DS AI,/industries/retail-it-consulting-ai-automation/,"Practical IT consulting for retail guidance for SEA businesses. Learn options, costs, risks, and next steps. Book a focused M3DS AI diagnostic.",Retail IT Consulting and AI Automation Guide,"Direct answer: IT consulting for retail | Who this is for | Symptoms and business impact | Recommended architecture or process | Implementation steps | Costs, timeline, and risks | How M3DS AI can help | FAQs",IT consulting for retail,"AI automation retail, ITSM retail, cybersecurity retail",Informational,Request retail roadmap,Awareness,75
2027-04,2,Industry,Telecom IT Consulting and AI Automation Guide | M3DS AI,/industries/telecom-it-consulting-ai-automation/,"Practical IT consulting for telecom guidance for SEA businesses. Learn options, costs, risks, and next steps. Book a focused M3DS AI diagnostic.",Telecom IT Consulting and AI Automation Guide,"Direct answer: IT consulting for telecom | Who this is for | Symptoms and business impact | Recommended architecture or process | Implementation steps | Costs, timeline, and risks | How M3DS AI can help | FAQs",IT consulting for telecom,"AI automation telecom, ITSM telecom, cybersecurity telecom",Informational,Request telecom roadmap,Awareness,75
2027-04,3,Industry,SaaS IT Consulting and AI Automation Guide | M3DS AI,/industries/saas-it-consulting-ai-automation/,"Practical IT consulting for SaaS guidance for SEA businesses. Learn options, costs, risks, and next steps. Book a focused M3DS AI diagnostic.",SaaS IT Consulting and AI Automation Guide,"Direct answer: IT consulting for SaaS | Who this is for | Symptoms and business impact | Recommended architecture or process | Implementation steps | Costs, timeline, and risks | How M3DS AI can help | FAQs",IT consulting for SaaS,"AI automation SaaS, ITSM SaaS, cybersecurity SaaS",Informational,Request SaaS roadmap,Awareness,75
2027-04,4,Industry,MSP IT Consulting and AI Automation Guide | M3DS AI,/industries/msp-it-consulting-ai-automation/,"Practical IT consulting for MSP guidance for SEA businesses. Learn options, costs, risks, and next steps. Book a focused M3DS AI diagnostic.",MSP IT Consulting and AI Automation Guide,"Direct answer: IT consulting for MSP | Who this is for | Symptoms and business impact | Recommended architecture or process | Implementation steps | Costs, timeline, and risks | How M3DS AI can help | FAQs",IT consulting for MSP,"AI automation MSP, ITSM MSP, cybersecurity MSP",Informational,Request MSP roadmap,Awareness,74
2027-04,1,Industry,Startup IT Consulting and AI Automation Guide | M3DS AI,/industries/startup-it-consulting-ai-automation/,"Practical IT consulting for startup guidance for SEA businesses. Learn options, costs, risks, and next steps. Book a focused M3DS AI diagnostic.",Startup IT Consulting and AI Automation Guide,"Direct answer: IT consulting for startup | Who this is for | Symptoms and business impact | Recommended architecture or process | Implementation steps | Costs, timeline, and risks | How M3DS AI can help | FAQs",IT consulting for startup,"AI automation startup, ITSM startup, cybersecurity startup",Informational,Request startup roadmap,Awareness,74
2027-04,2,Industry,SMB IT Consulting and AI Automation Guide | M3DS AI,/industries/smb-it-consulting-ai-automation/,"Practical IT consulting for SMB guidance for SEA businesses. Learn options, costs, risks, and next steps. Book a focused M3DS AI diagnostic.",SMB IT Consulting and AI Automation Guide,"Direct answer: IT consulting for SMB | Who this is for | Symptoms and business impact | Recommended architecture or process | Implementation steps | Costs, timeline, and risks | How M3DS AI can help | FAQs",IT consulting for SMB,"AI automation SMB, ITSM SMB, cybersecurity SMB",Informational,Request SMB roadmap,Awareness,74
2027-04,3,Industry,Mid Market Business IT Consulting and AI Automation Guide | M3DS AI,/industries/mid-market-business-it-consulting-ai-automation/,"Practical IT consulting for mid market business guidance for SEA businesses. Learn options, costs, risks, and next steps. Book a focused M3DS AI diagnostic.",Mid Market Business IT Consulting and AI Automation Guide,"Direct answer: IT consulting for mid market business | Who this is for | Symptoms and business impact | Recommended architecture or process | Implementation steps | Costs, timeline, and risks | How M3DS AI can help | FAQs",IT consulting for mid market business,"AI automation mid market business, ITSM mid market business, cybersecurity mid market business",Informational,Request mid market business roadmap,Awareness,73
2027-04,4,Problem/Solution,How to Solve Manual Ticket Triage With Better IT Operations | M3DS AI,/resources/solve-manual-ticket-triage-it-operations/,"Practical manual ticket triage solution guidance for SEA businesses. Learn options, costs, risks, and next steps. Book a focused M3DS AI diagnostic.",How to Solve Manual Ticket Triage With Better IT Operations,"Direct answer: manual ticket triage solution | Who this is for | Symptoms and business impact | Recommended architecture or process | Implementation steps | Costs, timeline, and risks | How M3DS AI can help | FAQs",manual ticket triage solution,"IT operations, ITSM automation, service desk improvement",Informational,Book a diagnostic,Awareness,73
2027-05,1,Problem/Solution,How to Solve Slow Incident Response With Better IT Operations | M3DS AI,/resources/solve-slow-incident-response-it-operations/,"Practical slow incident response solution guidance for SEA businesses. Learn options, costs, risks, and next steps. Book a focused M3DS AI diagnostic.",How to Solve Slow Incident Response With Better IT Operations,"Direct answer: slow incident response solution | Who this is for | Symptoms and business impact | Recommended architecture or process | Implementation steps | Costs, timeline, and risks | How M3DS AI can help | FAQs",slow incident response solution,"IT operations, ITSM automation, service desk improvement",Informational,Book a diagnostic,Awareness,72
2027-05,2,Problem/Solution,How to Solve Poor SLA Visibility With Better IT Operations | M3DS AI,/resources/solve-poor-sla-visibility-it-operations/,"Practical poor SLA visibility solution guidance for SEA businesses. Learn options, costs, risks, and next steps. Book a focused M3DS AI diagnostic.",How to Solve Poor SLA Visibility With Better IT Operations,"Direct answer: poor SLA visibility solution | Who this is for | Symptoms and business impact | Recommended architecture or process | Implementation steps | Costs, timeline, and risks | How M3DS AI can help | FAQs",poor SLA visibility solution,"IT operations, ITSM automation, service desk improvement",Informational,Book a diagnostic,Awareness,72
2027-05,3,Problem/Solution,How to Solve Tool Sprawl With Better IT Operations | M3DS AI,/resources/solve-tool-sprawl-it-operations/,"Practical tool sprawl solution guidance for SEA businesses. Learn options, costs, risks, and next steps. Book a focused M3DS AI diagnostic.",How to Solve Tool Sprawl With Better IT Operations,"Direct answer: tool sprawl solution | Who this is for | Symptoms and business impact | Recommended architecture or process | Implementation steps | Costs, timeline, and risks | How M3DS AI can help | FAQs",tool sprawl solution,"IT operations, ITSM automation, service desk improvement",Informational,Book a diagnostic,Awareness,72
2027-05,4,Problem/Solution,How to Solve Shadow IT With Better IT Operations | M3DS AI,/resources/solve-shadow-it-it-operations/,"Practical shadow IT solution guidance for SEA businesses. Learn options, costs, risks, and next steps. Book a focused M3DS AI diagnostic.",How to Solve Shadow IT With Better IT Operations,"Direct answer: shadow IT solution | Who this is for | Symptoms and business impact | Recommended architecture or process | Implementation steps | Costs, timeline, and risks | How M3DS AI can help | FAQs",shadow IT solution,"IT operations, ITSM automation, service desk improvement",Informational,Book a diagnostic,Awareness,71
2027-05,1,Problem/Solution,How to Solve Unreliable Reporting With Better IT Operations | M3DS AI,/resources/solve-unreliable-reporting-it-operations/,"Practical unreliable reporting solution guidance for SEA businesses. Learn options, costs, risks, and next steps. Book a focused M3DS AI diagnostic.",How to Solve Unreliable Reporting With Better IT Operations,"Direct answer: unreliable reporting solution | Who this is for | Symptoms and business impact | Recommended architecture or process | Implementation steps | Costs, timeline, and risks | How M3DS AI can help | FAQs",unreliable reporting solution,"IT operations, ITSM automation, service desk improvement",Informational,Book a diagnostic,Awareness,71
2027-05,2,Problem/Solution,How to Solve Security Exposure With Better IT Operations | M3DS AI,/resources/solve-security-exposure-it-operations/,"Practical security exposure solution guidance for SEA businesses. Learn options, costs, risks, and next steps. Book a focused M3DS AI diagnostic.",How to Solve Security Exposure With Better IT Operations,"Direct answer: security exposure solution | Who this is for | Symptoms and business impact | Recommended architecture or process | Implementation steps | Costs, timeline, and risks | How M3DS AI can help | FAQs",security exposure solution,"IT operations, ITSM automation, service desk improvement",Informational,Book a diagnostic,Awareness,71
2027-05,3,Problem/Solution,How to Solve Cloud Cost Waste With Better IT Operations | M3DS AI,/resources/solve-cloud-cost-waste-it-operations/,"Practical cloud cost waste solution guidance for SEA businesses. Learn options, costs, risks, and next steps. Book a focused M3DS AI diagnostic.",How to Solve Cloud Cost Waste With Better IT Operations,"Direct answer: cloud cost waste solution | Who this is for | Symptoms and business impact | Recommended architecture or process | Implementation steps | Costs, timeline, and risks | How M3DS AI can help | FAQs",cloud cost waste solution,"IT operations, ITSM automation, service desk improvement",Transactional,Book a diagnostic,Decision,70
2027-05,4,Problem/Solution,How to Solve Manual Customer Support With Better IT Operations | M3DS AI,/resources/solve-manual-customer-support-it-operations/,"Practical manual customer support solution guidance for SEA businesses. Learn options, costs, risks, and next steps. Book a focused M3DS AI diagnostic.",How to Solve Manual Customer Support With Better IT Operations,"Direct answer: manual customer support solution | Who this is for | Symptoms and business impact | Recommended architecture or process | Implementation steps | Costs, timeline, and risks | How M3DS AI can help | FAQs",manual customer support solution,"IT operations, ITSM automation, service desk improvement",Informational,Book a diagnostic,Awareness,70
2027-06,1,Problem/Solution,How to Solve Low Website Conversion With Better IT Operations | M3DS AI,/resources/solve-low-website-conversion-it-operations/,"Practical low website conversion solution guidance for SEA businesses. Learn options, costs, risks, and next steps. Book a focused M3DS AI diagnostic.",How to Solve Low Website Conversion With Better IT Operations,"Direct answer: low website conversion solution | Who this is for | Symptoms and business impact | Recommended architecture or process | Implementation steps | Costs, timeline, and risks | How M3DS AI can help | FAQs",low website conversion solution,"IT operations, ITSM automation, service desk improvement",Informational,Book a diagnostic,Awareness,70
2027-06,2,Problem/Solution,How to Solve Poor Organic Traffic With Better IT Operations | M3DS AI,/resources/solve-poor-organic-traffic-it-operations/,"Practical poor organic traffic solution guidance for SEA businesses. Learn options, costs, risks, and next steps. Book a focused M3DS AI diagnostic.",How to Solve Poor Organic Traffic With Better IT Operations,"Direct answer: poor organic traffic solution | Who this is for | Symptoms and business impact | Recommended architecture or process | Implementation steps | Costs, timeline, and risks | How M3DS AI can help | FAQs",poor organic traffic solution,"IT operations, ITSM automation, service desk improvement",Informational,Book a diagnostic,Awareness,69
2027-06,3,Problem/Solution,How to Solve AI Adoption Risk With Better IT Operations | M3DS AI,/resources/solve-ai-adoption-risk-it-operations/,"Practical AI adoption risk solution guidance for SEA businesses. Learn options, costs, risks, and next steps. Book a focused M3DS AI diagnostic.",How to Solve AI Adoption Risk With Better IT Operations,"Direct answer: AI adoption risk solution | Who this is for | Symptoms and business impact | Recommended architecture or process | Implementation steps | Costs, timeline, and risks | How M3DS AI can help | FAQs",AI adoption risk solution,"IT operations, ITSM automation, service desk improvement",Informational,Book a diagnostic,Awareness,69
2027-06,4,Problem/Solution,How to Solve Legacy Infrastructure With Better IT Operations | M3DS AI,/resources/solve-legacy-infrastructure-it-operations/,"Practical legacy infrastructure solution guidance for SEA businesses. Learn options, costs, risks, and next steps. Book a focused M3DS AI diagnostic.",How to Solve Legacy Infrastructure With Better IT Operations,"Direct answer: legacy infrastructure solution | Who this is for | Symptoms and business impact | Recommended architecture or process | Implementation steps | Costs, timeline, and risks | How M3DS AI can help | FAQs",legacy infrastructure solution,"IT operations, ITSM automation, service desk improvement",Informational,Book a diagnostic,Awareness,69
2027-06,1,Problem/Solution,How to Solve No IT Asset Visibility With Better IT Operations | M3DS AI,/resources/solve-no-it-asset-visibility-it-operations/,"Practical no IT asset visibility solution guidance for SEA businesses. Learn options, costs, risks, and next steps. Book a focused M3DS AI diagnostic.",How to Solve No IT Asset Visibility With Better IT Operations,"Direct answer: no IT asset visibility solution | Who this is for | Symptoms and business impact | Recommended architecture or process | Implementation steps | Costs, timeline, and risks | How M3DS AI can help | FAQs",no IT asset visibility solution,"IT operations, ITSM automation, service desk improvement",Informational,Book a diagnostic,Awareness,68
2027-06,2,Problem/Solution,How to Solve Change Failure Rate With Better IT Operations | M3DS AI,/resources/solve-change-failure-rate-it-operations/,"Practical change failure rate solution guidance for SEA businesses. Learn options, costs, risks, and next steps. Book a focused M3DS AI diagnostic.",How to Solve Change Failure Rate With Better IT Operations,"Direct answer: change failure rate solution | Who this is for | Symptoms and business impact | Recommended architecture or process | Implementation steps | Costs, timeline, and risks | How M3DS AI can help | FAQs",change failure rate solution,"IT operations, ITSM automation, service desk improvement",Informational,Book a diagnostic,Awareness,68
2027-06,3,Problem/Solution,How to Solve Duplicate Support Requests With Better IT | M3DS AI,/resources/solve-duplicate-support-requests-it-operations/,"Practical duplicate support requests solution guidance for SEA businesses. Learn options, costs, risks, and next steps. Book a focused M3DS AI diagnostic.",How to Solve Duplicate Support Requests With Better IT Operations,"Direct answer: duplicate support requests solution | Who this is for | Symptoms and business impact | Recommended architecture or process | Implementation steps | Costs, timeline, and risks | How M3DS AI can help | FAQs",duplicate support requests solution,"IT operations, ITSM automation, service desk improvement",Informational,Book a diagnostic,Awareness,68
2027-06,4,Problem/Solution,How to Solve Knowledge Base Gaps With Better IT Operations | M3DS AI,/resources/solve-knowledge-base-gaps-it-operations/,"Practical knowledge base gaps solution guidance for SEA businesses. Learn options, costs, risks, and next steps. Book a focused M3DS AI diagnostic.",How to Solve Knowledge Base Gaps With Better IT Operations,"Direct answer: knowledge base gaps solution | Who this is for | Symptoms and business impact | Recommended architecture or process | Implementation steps | Costs, timeline, and risks | How M3DS AI can help | FAQs",knowledge base gaps solution,"IT operations, ITSM automation, service desk improvement",Informational,Book a diagnostic,Awareness,67
